{
  "set0": {
    "0": 75.69000244140625,
    "1": 75.8499984741211,
    "2": 75.9000015258789,
    "3": 75.75,
    "4": 75.94000244140625
  },
  "set1": {
    "0": 76.05999755859375,
    "1": 76.01000213623047,
    "2": 76.05000305175781,
    "3": 75.91999816894531,
    "4": 75.9000015258789,
    "5": 75.87000274658203,
    "6": 75.91000366210938,
    "7": 75.77999877929688
  },
  "set2": {
    "0": 75.45999908447266,
    "1": 75.68000030517578,
    "2": 75.76000213623047,
    "3": 75.96499633789062
  },
  "set3": {
    "0": 75.8499984741211,
    "1": 75.55999755859375,
    "2": 75.48999786376953,
    "3": 75.91999816894531,
    "4": 76.4800033569336
  },
  "set4": {
    "0": 76.66000366210938,
    "1": 76.80999755859375,
    "2": 76.3499984741211,
    "3": 76.06999969482422
  },
  "set5": {
    "0": 76.06999969482422,
    "1": 75.83999633789062,
    "2": 75.38999938964844,
    "3": 75.36000061035156,
    "4": 75.20999908447266
  },
  "set6": {
    "0": 75.19000244140625,
    "1": 75.19999694824219,
    "2": 74.94000244140625,
    "3": 74.76000213623047
  },
  "set7": {
    "0": 74.77999877929688,
    "1": 74.55999755859375,
    "2": 74.4800033569336,
    "3": 74.37999725341797
  },
  "set8": {
    "0": 74.41000366210938,
    "1": 74.5,
    "2": 74.30000305175781,
    "3": 74.27999877929688,
    "4": 74.12999725341797
  },
  "set9": {
    "0": 74.06999969482422,
    "1": 74.08000183105469,
    "2": 73.98999786376953
  },
  "set10": { "0": 74.06999969482422, "1": 74.26000213623047 },
  "set11": {
    "0": 74.16000366210938,
    "1": 74.13999938964844,
    "2": 73.9800033569336,
    "3": 73.9800033569336,
    "4": 73.80000305175781
  },
  "set12": {
    "0": 73.80999755859375,
    "1": 73.91000366210938,
    "2": 74.05999755859375,
    "3": 74.16000366210938,
    "4": 74.29000091552734
  },
  "set13": {
    "0": 74.37000274658203,
    "1": 74.2300033569336,
    "2": 74.19999694824219,
    "3": 74.56999969482422,
    "4": 74.58999633789062
  },
  "set14": {
    "0": 74.73999786376953,
    "1": 74.62999725341797,
    "2": 74.70999908447266,
    "3": 74.69999694824219,
    "4": 74.61000061035156
  },
  "set15": {
    "0": 74.81999969482422,
    "1": 74.76000213623047,
    "2": 74.58000183105469,
    "3": 74.55999755859375,
    "4": 74.43000030517578
  },
  "set16": { "0": 74.5, "1": 74.75, "2": 74.77999877929688, "3": 75.0 },
  "set17": {
    "0": 74.98999786376953,
    "1": 75.06999969482422,
    "2": 74.87000274658203
  },
  "set18": {
    "0": 75.01000213623047,
    "1": 74.95999908447266,
    "2": 74.9800033569336,
    "3": 74.94999694824219,
    "4": 74.94000244140625
  },
  "set19": {
    "0": 75.05000305175781,
    "1": 75.04000091552734,
    "2": 75.05000305175781,
    "3": 75.19000244140625,
    "4": 75.22000122070312
  },
  "set20": {
    "0": 75.25,
    "1": 75.29000091552734,
    "2": 75.25,
    "3": 75.31999969482422
  },
  "set21": {
    "0": 75.2300033569336,
    "1": 75.13999938964844,
    "2": 75.12000274658203
  },
  "set22": {
    "0": 75.19000244140625,
    "1": 75.26000213623047,
    "2": 75.0999984741211,
    "3": 75.12000274658203,
    "4": 75.05000305175781
  },
  "set23": { "0": 75.0999984741211, "1": 75.2300033569336 },
  "set24": {
    "0": 75.19000244140625,
    "1": 75.16000366210938,
    "2": 75.19999694824219,
    "3": 75.23999786376953
  },
  "set25": {
    "0": 75.13999938964844,
    "1": 75.12999725341797,
    "2": 75.13999938964844,
    "3": 75.37000274658203
  },
  "set26": {
    "0": 75.13999938964844,
    "1": 75.13999938964844,
    "2": 75.0999984741211,
    "3": 75.08000183105469,
    "4": 75.05999755859375
  },
  "set27": { "0": 75.08999633789062, "1": 75.19999694824219 },
  "set28": {
    "0": 75.13999938964844,
    "1": 75.16000366210938,
    "2": 75.06999969482422,
    "3": 75.04000091552734
  },
  "set29": {
    "0": 75.0999984741211,
    "1": 75.1500015258789,
    "2": 75.1500015258789,
    "3": 75.12000274658203,
    "4": 75.22000122070312
  },
  "set30": {
    "0": 75.19000244140625,
    "1": 75.25,
    "2": 75.37999725341797,
    "3": 75.38999938964844
  },
  "set31": {
    "0": 75.33999633789062,
    "1": 75.33999633789062,
    "2": 75.30000305175781,
    "3": 75.26000213623047
  },
  "set32": {
    "0": 75.36000061035156,
    "1": 75.27999877929688,
    "2": 75.30999755859375,
    "3": 75.4000015258789,
    "4": 75.47000122070312
  },
  "set33": {
    "0": 75.52999877929688,
    "1": 75.52999877929688,
    "2": 75.62000274658203,
    "3": 75.70999908447266
  },
  "set34": {
    "0": 75.70999908447266,
    "1": 75.76000213623047,
    "2": 75.75,
    "3": 75.80000305175781,
    "4": 75.83000183105469
  },
  "set35": {
    "0": 75.87000274658203,
    "1": 75.8499984741211,
    "2": 75.88999938964844,
    "3": 75.73999786376953
  },
  "set36": {
    "0": 75.79000091552734,
    "1": 75.72000122070312,
    "2": 75.63999938964844
  },
  "set37": {
    "0": 75.75,
    "1": 75.75,
    "2": 75.79000091552734,
    "3": 75.7300033569336
  },
  "set38": {
    "0": 75.83000183105469,
    "1": 75.87999725341797,
    "2": 75.86000061035156,
    "3": 75.93000030517578
  },
  "set39": {
    "0": 75.81999969482422,
    "1": 75.83999633789062,
    "2": 75.66999816894531,
    "3": 75.72000122070312,
    "4": 75.6500015258789
  },
  "set40": {
    "0": 75.68000030517578,
    "1": 75.69999694824219,
    "2": 75.62000274658203,
    "3": 75.5999984741211
  },
  "set41": {
    "0": 75.72000122070312,
    "1": 75.86000061035156,
    "2": 75.91000366210938
  },
  "set42": {
    "0": 75.88999938964844,
    "1": 75.87000274658203,
    "2": 75.79000091552734,
    "3": 75.66999816894531,
    "4": 75.56999969482422
  },
  "set43": {
    "0": 75.58999633789062,
    "1": 75.62000274658203,
    "2": 75.63999938964844,
    "3": 75.70999908447266,
    "4": 75.73999786376953
  },
  "set44": { "0": 75.75, "1": 75.6500015258789, "2": 75.41000366210938 }
}
