{
  "set0": {
    "0": 72.38999938964844,
    "1": 72.5199966430664,
    "2": 72.72000122070312,
    "3": 72.91000366210938,
    "4": 72.83999633789062,
    "5": 72.94999694824219,
    "6": 73.05999755859375,
    "7": 73.02999877929688,
    "8": 73.02999877929688,
    "9": 72.9749984741211,
    "10": 72.9800033569336,
    "11": 72.91999816894531,
    "12": 72.97000122070312,
    "13": 72.91000366210938,
    "14": 73.01000213623047,
    "15": 73.05000305175781,
    "16": 73.0,
    "17": 73.08999633789062,
    "18": 73.29000091552734,
    "19": 73.37999725341797,
    "20": 73.16999816894531,
    "21": 73.08999633789062,
    "22": 72.94999694824219,
    "23": 72.76000213623047,
    "24": 72.66999816894531,
    "25": 72.69999694824219,
    "26": 72.55000305175781,
    "27": 72.26000213623047
  },
  "set1": {
    "0": 72.19999694824219,
    "1": 72.08999633789062,
    "2": 72.06999969482422,
    "3": 72.19999694824219,
    "4": 72.11000061035156
  },
  "set2": {
    "0": 72.08000183105469,
    "1": 72.19000244140625,
    "2": 72.19999694824219,
    "3": 72.22000122070312,
    "4": 72.29000091552734,
    "5": 72.33000183105469,
    "6": 72.27999877929688,
    "7": 72.19000244140625,
    "8": 72.30000305175781,
    "9": 72.43000030517578,
    "10": 72.41999816894531,
    "11": 72.30999755859375,
    "12": 72.4000015258789,
    "13": 72.31999969482422,
    "14": 72.25,
    "15": 72.25,
    "16": 72.04000091552734,
    "17": 71.93000030517578
  },
  "set3": {
    "0": 72.05000305175781,
    "1": 72.0199966430664,
    "2": 71.75,
    "3": 71.79000091552734,
    "4": 71.80000305175781,
    "5": 71.9000015258789,
    "6": 71.87000274658203,
    "7": 71.94999694824219,
    "8": 72.0,
    "9": 71.9800033569336
  },
  "set4": {
    "0": 71.93000030517578,
    "1": 71.95999908447266,
    "2": 71.81999969482422,
    "3": 71.91999816894531,
    "4": 71.86000061035156,
    "5": 71.8499984741211,
    "6": 71.91000366210938,
    "7": 71.91999816894531,
    "8": 71.97000122070312
  },
  "set5": {
    "0": 71.9000015258789,
    "1": 71.91999816894531,
    "2": 71.93000030517578,
    "3": 71.87999725341797,
    "4": 71.9800033569336
  },
  "set6": {
    "0": 72.12999725341797,
    "1": 72.18000030517578,
    "2": 72.02999877929688,
    "3": 72.05999755859375,
    "4": 72.06999969482422,
    "5": 72.16999816894531,
    "6": 72.12000274658203,
    "7": 72.13999938964844
  }
}
