{"set0": {"0": 73.62999725341797, "1": 73.69999694824219, "2": 73.33999633789062, "3": 73.77999877929688, "4": 73.68000030517578, "5": 74.16000366210938}, "set1": {"0": 74.23999786376953, "1": 74.36000061035156, "2": 74.01000213623047, "3": 74.05999755859375, "4": 74.3499984741211, "5": 74.55999755859375}, "set2": {"0": 74.44000244140625, "1": 74.48999786376953, "2": 74.51000213623047, "3": 74.3499984741211, "4": 74.5, "5": 74.44000244140625, "6": 74.30000305175781}, "set3": {"0": 74.44000244140625, "1": 74.5, "2": 74.7699966430664, "3": 74.76000213623047, "4": 74.75499725341797, "5": 74.62000274658203, "6": 74.68000030517578, "7": 74.69999694824219, "8": 74.91999816894531, "9": 74.87000274658203, "10": 74.55999755859375, "11": 74.61000061035156, "12": 74.69000244140625, "13": 74.9000015258789, "14": 74.97000122070312, "15": 74.80999755859375, "16": 74.73999786376953, "17": 74.7699966430664, "18": 74.80000305175781, "19": 74.91999816894531, "20": 75.06999969482422, "21": 75.13999938964844, "22": 74.9800033569336, "23": 74.88999938964844, "24": 74.88999938964844, "25": 74.9800033569336, "26": 74.9800033569336, "27": 74.94000244140625, "28": 74.86000061035156, "29": 74.63999938964844, "30": 74.77999877929688, "31": 74.69999694824219, "32": 74.62999725341797, "33": 74.8499984741211, "34": 74.7699966430664, "35": 74.81999969482422, "36": 74.79000091552734, "37": 74.76000213623047, "38": 74.70999908447266, "39": 74.77999877929688, "40": 74.83000183105469, "41": 74.80999755859375, "42": 74.8499984741211, "43": 74.86000061035156, "44": 74.91999816894531, "45": 74.7300033569336, "46": 74.66999816894531, "47": 74.7699966430664, "48": 74.69000244140625, "49": 74.75, "50": 74.73999786376953, "51": 74.66000366210938, "52": 74.54000091552734, "53": 74.51000213623047, "54": 74.5}, "set4": {"0": 74.41999816894531, "1": 74.41000366210938, "2": 74.44999694824219, "3": 74.48999786376953, "4": 74.44000244140625, "5": 74.44999694824219, "6": 74.41000366210938, "7": 74.36000061035156}, "set5": {"0": 73.62999725341797, "1": 73.69999694824219, "2": 73.33999633789062, "3": 73.77999877929688, "4": 73.68000030517578, "5": 74.16000366210938}, "set6": {"0": 74.23999786376953, "1": 74.36000061035156, "2": 74.01000213623047, "3": 74.05999755859375, "4": 74.3499984741211, "5": 74.55999755859375}, "set7": {"0": 74.44000244140625, "1": 74.48999786376953, "2": 74.51000213623047, "3": 74.3499984741211, "4": 74.5, "5": 74.44000244140625, "6": 74.30000305175781}, "set8": {"0": 74.44000244140625, "1": 74.5, "2": 74.7699966430664, "3": 74.76000213623047, "4": 74.75499725341797, "5": 74.62000274658203, "6": 74.68000030517578, "7": 74.69999694824219, "8": 74.91999816894531, "9": 74.87000274658203, "10": 74.55999755859375, "11": 74.61000061035156, "12": 74.69000244140625, "13": 74.9000015258789, "14": 74.97000122070312, "15": 74.80999755859375, "16": 74.73999786376953, "17": 74.7699966430664, "18": 74.80000305175781, "19": 74.91999816894531, "20": 75.06999969482422, "21": 75.13999938964844, "22": 74.9800033569336, "23": 74.88999938964844, "24": 74.88999938964844, "25": 74.9800033569336, "26": 74.9800033569336, "27": 74.94000244140625, "28": 74.86000061035156, "29": 74.63999938964844, "30": 74.77999877929688, "31": 74.69999694824219, "32": 74.62999725341797, "33": 74.8499984741211, "34": 74.7699966430664, "35": 74.81999969482422, "36": 74.79000091552734, "37": 74.76000213623047, "38": 74.70999908447266, "39": 74.77999877929688, "40": 74.83000183105469, "41": 74.80999755859375, "42": 74.8499984741211, "43": 74.86000061035156, "44": 74.91999816894531, "45": 74.7300033569336, "46": 74.66999816894531, "47": 74.7699966430664, "48": 74.69000244140625, "49": 74.75, "50": 74.73999786376953, "51": 74.66000366210938, "52": 74.54000091552734, "53": 74.51000213623047, "54": 74.5}, "set9": {"0": 74.41999816894531, "1": 74.41000366210938, "2": 74.44999694824219, "3": 74.48999786376953, "4": 74.44000244140625, "5": 74.44999694824219, "6": 74.41000366210938, "7": 74.36000061035156}}